round,domain,train_loss,kl_loss,acc
0,caltech,0,0,0.22074074074074077
1,caltech,0,0,0.2962962962962963
2,caltech,0,0,0.3496296296296297
3,caltech,0,0,0.3437037037037037
4,caltech,0,0,0.3496296296296297
5,caltech,0,0,0.3511111111111111
6,caltech,0,0,0.3703703703703704
7,caltech,0,0,0.3837037037037037
8,caltech,0,0,0.40296296296296297
9,caltech,0,0,0.3896296296296296
10,caltech,0,0,0.3837037037037037
11,caltech,0,0,0.3866666666666667
12,caltech,0,0,0.3881481481481482
13,caltech,0,0,0.3762962962962963
14,caltech,0,0,0.3970370370370371
15,caltech,0,0,0.3970370370370371
16,caltech,0,0,0.3970370370370371
17,caltech,0,0,0.3837037037037037
18,caltech,0,0,0.3896296296296296
19,caltech,0,0,0.3837037037037037
20,caltech,0,0,0.3644444444444444
21,caltech,0,0,0.37777777777777777
22,caltech,0,0,0.37333333333333335
23,caltech,0,0,0.38074074074074077
24,caltech,0,0,0.3688888888888889
25,caltech,0,0,0.3644444444444444
26,caltech,0,0,0.38074074074074077
27,caltech,0,0,0.37925925925925924
28,caltech,0,0,0.37333333333333335
29,caltech,0,0,0.38222222222222224
30,caltech,0,0,0.37925925925925924
31,caltech,0,0,0.38518518518518524
32,caltech,0,0,0.3940740740740741
33,caltech,0,0,0.37481481481481477
34,caltech,0,0,0.37925925925925924
35,caltech,0,0,0.38518518518518513
36,caltech,0,0,0.3896296296296296
37,caltech,0,0,0.3896296296296296
38,caltech,0,0,0.3822222222222222
39,caltech,0,0,0.3644444444444444
40,caltech,0,0,0.35703703703703704
41,caltech,0,0,0.3644444444444444
42,caltech,0,0,0.38074074074074077
43,caltech,0,0,0.38814814814814813
44,caltech,0,0,0.3703703703703704
45,caltech,0,0,0.3896296296296297
46,caltech,0,0,0.3970370370370371
47,caltech,0,0,0.39111111111111113
48,caltech,0,0,0.3585185185185185
49,caltech,0,0,0.38518518518518524
50,caltech,0,0,0.3762962962962963
51,caltech,0,0,0.38222222222222224
52,caltech,0,0,0.38074074074074077
53,caltech,0,0,0.38518518518518513
54,caltech,0,0,0.35555555555555557
55,caltech,0,0,0.3718518518518519
56,caltech,0,0,0.3837037037037037
57,caltech,0,0,0.3955555555555555
58,caltech,0,0,0.38518518518518513
59,caltech,0,0,0.3955555555555555
60,caltech,0,0,0.39111111111111113
61,caltech,0,0,0.397037037037037
62,caltech,0,0,0.3896296296296296
63,caltech,0,0,0.3896296296296296
64,caltech,0,0,0.39111111111111113
65,caltech,0,0,0.397037037037037
66,caltech,0,0,0.40592592592592597
67,caltech,0,0,0.3940740740740741
68,caltech,0,0,0.37777777777777777
69,caltech,0,0,0.3955555555555556
70,caltech,0,0,0.37925925925925924
71,caltech,0,0,0.3925925925925926
72,caltech,0,0,0.3837037037037037
73,caltech,0,0,0.38222222222222224
74,caltech,0,0,0.38074074074074077
75,caltech,0,0,0.3896296296296296
76,caltech,0,0,0.37777777777777777
77,caltech,0,0,0.38814814814814813
78,caltech,0,0,0.38666666666666666
79,caltech,0,0,0.38814814814814813
80,caltech,0,0,0.3985185185185185
81,caltech,0,0,0.3837037037037037
82,caltech,0,0,0.3925925925925926
83,caltech,0,0,0.3940740740740741
84,caltech,0,0,0.3866666666666667
85,caltech,0,0,0.3896296296296296
86,caltech,0,0,0.40296296296296297
87,caltech,0,0,0.3985185185185185
88,caltech,0,0,0.4000000000000001
89,caltech,0,0,0.4000000000000001
90,caltech,0,0,0.4014814814814815
91,caltech,0,0,0.4000000000000001
92,caltech,0,0,0.3985185185185185
93,caltech,0,0,0.3955555555555556
94,caltech,0,0,0.3955555555555555
95,caltech,0,0,0.3925925925925926
96,caltech,0,0,0.3925925925925926
97,caltech,0,0,0.3940740740740741
98,caltech,0,0,0.3955555555555555
99,caltech,0,0,0.3955555555555555
0,amazon,0,0,0.3671875
1,amazon,0,0,0.5520833333333334
2,amazon,0,0,0.5859375
3,amazon,0,0,0.5963541666666666
4,amazon,0,0,0.578125
5,amazon,0,0,0.5885416666666666
6,amazon,0,0,0.5859375
7,amazon,0,0,0.59375
8,amazon,0,0,0.6067708333333333
9,amazon,0,0,0.625
10,amazon,0,0,0.6223958333333334
11,amazon,0,0,0.6302083333333334
12,amazon,0,0,0.6145833333333333
13,amazon,0,0,0.6328125
14,amazon,0,0,0.6041666666666666
15,amazon,0,0,0.6015625
16,amazon,0,0,0.6067708333333333
17,amazon,0,0,0.6067708333333334
18,amazon,0,0,0.6015625
19,amazon,0,0,0.6171875
20,amazon,0,0,0.6171875
21,amazon,0,0,0.6145833333333333
22,amazon,0,0,0.6041666666666667
23,amazon,0,0,0.6119791666666667
24,amazon,0,0,0.6171875
25,amazon,0,0,0.6223958333333333
26,amazon,0,0,0.6015625
27,amazon,0,0,0.6276041666666666
28,amazon,0,0,0.6328125
29,amazon,0,0,0.6119791666666666
30,amazon,0,0,0.6145833333333333
31,amazon,0,0,0.640625
32,amazon,0,0,0.6354166666666667
33,amazon,0,0,0.6276041666666667
34,amazon,0,0,0.625
35,amazon,0,0,0.6067708333333334
36,amazon,0,0,0.6223958333333333
37,amazon,0,0,0.6302083333333333
38,amazon,0,0,0.6302083333333333
39,amazon,0,0,0.5963541666666667
40,amazon,0,0,0.6119791666666667
41,amazon,0,0,0.6354166666666666
42,amazon,0,0,0.6302083333333334
43,amazon,0,0,0.6145833333333333
44,amazon,0,0,0.6328125
45,amazon,0,0,0.625
46,amazon,0,0,0.6197916666666667
47,amazon,0,0,0.6223958333333334
48,amazon,0,0,0.6119791666666667
49,amazon,0,0,0.6197916666666666
50,amazon,0,0,0.6145833333333333
51,amazon,0,0,0.6276041666666667
52,amazon,0,0,0.6276041666666667
53,amazon,0,0,0.6197916666666666
54,amazon,0,0,0.6145833333333333
55,amazon,0,0,0.6302083333333333
56,amazon,0,0,0.625
57,amazon,0,0,0.6223958333333334
58,amazon,0,0,0.6171875
59,amazon,0,0,0.6354166666666667
60,amazon,0,0,0.6119791666666666
61,amazon,0,0,0.6302083333333333
62,amazon,0,0,0.6145833333333333
63,amazon,0,0,0.6119791666666667
64,amazon,0,0,0.6302083333333333
65,amazon,0,0,0.6171875
66,amazon,0,0,0.6276041666666667
67,amazon,0,0,0.6380208333333333
68,amazon,0,0,0.6145833333333334
69,amazon,0,0,0.640625
70,amazon,0,0,0.6380208333333333
71,amazon,0,0,0.6328125
72,amazon,0,0,0.6197916666666667
73,amazon,0,0,0.6354166666666666
74,amazon,0,0,0.625
75,amazon,0,0,0.6223958333333333
76,amazon,0,0,0.6197916666666666
77,amazon,0,0,0.6380208333333334
78,amazon,0,0,0.6223958333333333
79,amazon,0,0,0.6328125
80,amazon,0,0,0.6302083333333333
81,amazon,0,0,0.6302083333333333
82,amazon,0,0,0.6276041666666666
83,amazon,0,0,0.6302083333333333
84,amazon,0,0,0.6354166666666667
85,amazon,0,0,0.6328125
86,amazon,0,0,0.625
87,amazon,0,0,0.6354166666666667
88,amazon,0,0,0.6380208333333334
89,amazon,0,0,0.6380208333333334
90,amazon,0,0,0.6302083333333333
91,amazon,0,0,0.625
92,amazon,0,0,0.625
93,amazon,0,0,0.6276041666666666
94,amazon,0,0,0.6276041666666666
95,amazon,0,0,0.6276041666666666
96,amazon,0,0,0.6276041666666666
97,amazon,0,0,0.6302083333333333
98,amazon,0,0,0.6302083333333333
99,amazon,0,0,0.6302083333333333
0,webcam,0,0,0.4827586206896552
1,webcam,0,0,0.5344827586206896
2,webcam,0,0,0.7931034482758621
3,webcam,0,0,0.6379310344827587
4,webcam,0,0,0.6896551724137931
5,webcam,0,0,0.7241379310344828
6,webcam,0,0,0.7586206896551724
7,webcam,0,0,0.7758620689655172
8,webcam,0,0,0.7413793103448276
9,webcam,0,0,0.7586206896551724
10,webcam,0,0,0.7758620689655172
11,webcam,0,0,0.7586206896551724
12,webcam,0,0,0.7586206896551724
13,webcam,0,0,0.7413793103448276
14,webcam,0,0,0.7586206896551724
15,webcam,0,0,0.7586206896551724
16,webcam,0,0,0.7413793103448276
17,webcam,0,0,0.7413793103448276
18,webcam,0,0,0.7241379310344828
19,webcam,0,0,0.7241379310344828
20,webcam,0,0,0.7413793103448276
21,webcam,0,0,0.7241379310344828
22,webcam,0,0,0.7413793103448276
23,webcam,0,0,0.7413793103448276
24,webcam,0,0,0.7413793103448276
25,webcam,0,0,0.7413793103448276
26,webcam,0,0,0.7413793103448276
27,webcam,0,0,0.7413793103448276
28,webcam,0,0,0.7413793103448276
29,webcam,0,0,0.7586206896551724
30,webcam,0,0,0.7758620689655172
31,webcam,0,0,0.8103448275862069
32,webcam,0,0,0.7586206896551724
33,webcam,0,0,0.7586206896551724
34,webcam,0,0,0.6551724137931034
35,webcam,0,0,0.7241379310344828
36,webcam,0,0,0.7586206896551724
37,webcam,0,0,0.7758620689655172
38,webcam,0,0,0.7758620689655172
39,webcam,0,0,0.7758620689655172
40,webcam,0,0,0.7758620689655172
41,webcam,0,0,0.7586206896551724
42,webcam,0,0,0.7758620689655172
43,webcam,0,0,0.7758620689655172
44,webcam,0,0,0.7758620689655172
45,webcam,0,0,0.7586206896551724
46,webcam,0,0,0.7586206896551724
47,webcam,0,0,0.7586206896551724
48,webcam,0,0,0.7413793103448276
49,webcam,0,0,0.7586206896551724
50,webcam,0,0,0.7586206896551724
51,webcam,0,0,0.7413793103448276
52,webcam,0,0,0.7413793103448276
53,webcam,0,0,0.7413793103448276
54,webcam,0,0,0.7413793103448276
55,webcam,0,0,0.7413793103448276
56,webcam,0,0,0.7241379310344828
57,webcam,0,0,0.7413793103448276
58,webcam,0,0,0.7413793103448276
59,webcam,0,0,0.7413793103448276
60,webcam,0,0,0.7586206896551724
61,webcam,0,0,0.7586206896551724
62,webcam,0,0,0.7413793103448276
63,webcam,0,0,0.7586206896551724
64,webcam,0,0,0.7758620689655172
65,webcam,0,0,0.7586206896551724
66,webcam,0,0,0.7413793103448276
67,webcam,0,0,0.7586206896551724
68,webcam,0,0,0.7758620689655172
69,webcam,0,0,0.7758620689655172
70,webcam,0,0,0.7931034482758621
71,webcam,0,0,0.7931034482758621
72,webcam,0,0,0.7586206896551724
73,webcam,0,0,0.7758620689655172
74,webcam,0,0,0.8103448275862069
75,webcam,0,0,0.7931034482758621
76,webcam,0,0,0.7931034482758621
77,webcam,0,0,0.8103448275862069
78,webcam,0,0,0.7931034482758621
79,webcam,0,0,0.7586206896551724
80,webcam,0,0,0.6896551724137931
81,webcam,0,0,0.7413793103448276
82,webcam,0,0,0.7931034482758621
83,webcam,0,0,0.8275862068965517
84,webcam,0,0,0.7931034482758621
85,webcam,0,0,0.8103448275862069
86,webcam,0,0,0.7931034482758621
87,webcam,0,0,0.7931034482758621
88,webcam,0,0,0.7931034482758621
89,webcam,0,0,0.7931034482758621
90,webcam,0,0,0.7931034482758621
91,webcam,0,0,0.7758620689655172
92,webcam,0,0,0.7758620689655172
93,webcam,0,0,0.7758620689655172
94,webcam,0,0,0.7758620689655172
95,webcam,0,0,0.7758620689655172
96,webcam,0,0,0.7758620689655172
97,webcam,0,0,0.7758620689655172
98,webcam,0,0,0.7758620689655172
99,webcam,0,0,0.7758620689655172
0,dslr,0,0,0.23387096774193547
1,dslr,0,0,0.20161290322580644
2,dslr,0,0,0.21774193548387094
3,dslr,0,0,0.24193548387096775
4,dslr,0,0,0.27419354838709675
5,dslr,0,0,0.3064516129032258
6,dslr,0,0,0.28225806451612906
7,dslr,0,0,0.2903225806451613
8,dslr,0,0,0.29032258064516125
9,dslr,0,0,0.27419354838709675
10,dslr,0,0,0.25806451612903225
11,dslr,0,0,0.3064516129032258
12,dslr,0,0,0.29032258064516125
13,dslr,0,0,0.28225806451612906
14,dslr,0,0,0.25806451612903225
15,dslr,0,0,0.282258064516129
16,dslr,0,0,0.3064516129032258
17,dslr,0,0,0.3225806451612903
18,dslr,0,0,0.25806451612903225
19,dslr,0,0,0.282258064516129
20,dslr,0,0,0.29032258064516125
21,dslr,0,0,0.25806451612903225
22,dslr,0,0,0.28225806451612906
23,dslr,0,0,0.28225806451612906
24,dslr,0,0,0.2903225806451613
25,dslr,0,0,0.28225806451612906
26,dslr,0,0,0.28225806451612906
27,dslr,0,0,0.29838709677419356
28,dslr,0,0,0.29838709677419356
29,dslr,0,0,0.25
30,dslr,0,0,0.25806451612903225
31,dslr,0,0,0.29032258064516125
32,dslr,0,0,0.25
33,dslr,0,0,0.25806451612903225
34,dslr,0,0,0.25
35,dslr,0,0,0.25806451612903225
36,dslr,0,0,0.2661290322580645
37,dslr,0,0,0.27419354838709675
38,dslr,0,0,0.25806451612903225
39,dslr,0,0,0.2661290322580645
40,dslr,0,0,0.21774193548387097
41,dslr,0,0,0.21774193548387094
42,dslr,0,0,0.27419354838709675
43,dslr,0,0,0.25806451612903225
44,dslr,0,0,0.22580645161290325
45,dslr,0,0,0.20967741935483872
46,dslr,0,0,0.22580645161290322
47,dslr,0,0,0.21774193548387097
48,dslr,0,0,0.22580645161290325
49,dslr,0,0,0.25
50,dslr,0,0,0.24193548387096775
51,dslr,0,0,0.22580645161290325
52,dslr,0,0,0.22580645161290322
53,dslr,0,0,0.2661290322580645
54,dslr,0,0,0.27419354838709675
55,dslr,0,0,0.2903225806451613
56,dslr,0,0,0.29032258064516125
57,dslr,0,0,0.29838709677419356
58,dslr,0,0,0.3225806451612903
59,dslr,0,0,0.3064516129032258
60,dslr,0,0,0.33064516129032256
61,dslr,0,0,0.3225806451612903
62,dslr,0,0,0.3225806451612903
63,dslr,0,0,0.29838709677419356
64,dslr,0,0,0.27419354838709675
65,dslr,0,0,0.25806451612903225
66,dslr,0,0,0.2661290322580645
67,dslr,0,0,0.2661290322580645
68,dslr,0,0,0.29838709677419356
69,dslr,0,0,0.3225806451612903
70,dslr,0,0,0.31451612903225806
71,dslr,0,0,0.33064516129032256
72,dslr,0,0,0.3064516129032258
73,dslr,0,0,0.29838709677419356
74,dslr,0,0,0.282258064516129
75,dslr,0,0,0.25806451612903225
76,dslr,0,0,0.29838709677419356
77,dslr,0,0,0.29032258064516125
78,dslr,0,0,0.29838709677419356
79,dslr,0,0,0.282258064516129
80,dslr,0,0,0.29838709677419356
81,dslr,0,0,0.31451612903225806
82,dslr,0,0,0.2903225806451613
83,dslr,0,0,0.282258064516129
84,dslr,0,0,0.29838709677419356
85,dslr,0,0,0.3064516129032258
86,dslr,0,0,0.2903225806451613
87,dslr,0,0,0.28225806451612906
88,dslr,0,0,0.28225806451612906
89,dslr,0,0,0.28225806451612906
90,dslr,0,0,0.28225806451612906
91,dslr,0,0,0.28225806451612906
92,dslr,0,0,0.28225806451612906
93,dslr,0,0,0.2741935483870968
94,dslr,0,0,0.28225806451612906
95,dslr,0,0,0.28225806451612906
96,dslr,0,0,0.28225806451612906
97,dslr,0,0,0.2903225806451613
98,dslr,0,0,0.28225806451612906
99,dslr,0,0,0.2903225806451613
