round,domain,gamma_dist,beta_dist
0,caltech,1.0037911124527454e-07,3.283879834725667e-08
0,amazon,1.0273652151226997e-07,1.7567645116400854e-08
0,webcam,1.0823714546859264e-07,1.170512486936559e-08
0,dslr,1.0916846804320812e-07,6.516452266680517e-09
1,caltech,2.9121292755007744e-07,9.293512448493857e-08
1,amazon,2.924934960901737e-07,3.531634718001442e-08
1,webcam,2.9616057872772217e-07,3.649201119060308e-08
1,dslr,2.970627974718809e-07,1.7880003255754673e-08
2,caltech,5.627807695418596e-07,1.8320010042316426e-07
2,amazon,5.639740265905857e-07,5.7700248135006404e-08
2,webcam,5.674082785844803e-07,6.965186827301295e-08
2,dslr,5.686015356332064e-07,3.315563290584578e-08
3,caltech,9.078648872673512e-07,3.0606909717789677e-07
3,amazon,9.088544175028801e-07,8.872223133948864e-08
3,webcam,9.113573469221592e-07,1.1177966996456234e-07
3,dslr,9.117356967180967e-07,5.420129767230719e-08
4,caltech,1.3193930499255657e-06,4.614020099324989e-07
4,amazon,1.3179087545722723e-06,1.3402626564129605e-07
4,webcam,1.3201497495174408e-06,1.65083491765472e-07
4,dslr,1.3207027222961187e-06,8.095761927506828e-08
5,caltech,1.788546796888113e-06,6.447723421842966e-07
5,amazon,1.7867132555693388e-06,1.9619807289927849e-07
5,webcam,1.7887214198708534e-06,2.2601108184971963e-07
5,dslr,1.7892452888190746e-06,1.1405843736156385e-07
6,caltech,2.3122411221265793e-06,8.544421916667488e-07
6,amazon,2.308428520336747e-06,2.7298588634039334e-07
6,webcam,2.310844138264656e-06,2.948953579107183e-07
6,dslr,2.311047865077853e-06,1.5286025245586643e-07
7,caltech,2.88410228677094e-06,1.0927687981165946e-06
7,amazon,2.879474777728319e-06,3.725376132024394e-07
7,webcam,2.8804061003029346e-06,3.702194248944579e-07
7,dslr,2.8803187888115644e-06,1.9710947185558325e-07
8,caltech,3.4999975468963385e-06,1.3613432656711666e-06
8,amazon,3.493507392704487e-06,4.959851480634825e-07
8,webcam,3.4936238080263138e-06,4.5281822735887545e-07
8,dslr,3.492634277790785e-06,2.4615795268800866e-07
9,caltech,4.155153874307871e-06,1.656624135648599e-06
9,amazon,4.146393621340394e-06,6.426941467907454e-07
9,webcam,4.145258571952581e-06,5.429403131529398e-07
9,dslr,4.144036211073399e-06,2.997684873662365e-07
10,caltech,4.845322109758854e-06,1.9755345874727936e-06
10,amazon,4.834495484828949e-06,8.125778094836278e-07
10,webcam,4.831061232835054e-06,6.402041776709666e-07
10,dslr,4.830420948565006e-06,3.576344624889316e-07
11,caltech,5.567853804677725e-06,2.315750862180721e-06
11,amazon,5.553651135414839e-06,1.0065379001389374e-06
11,webcam,5.548907211050391e-06,7.444639322784496e-07
11,dslr,5.5475684348493814e-06,4.195237579551758e-07
12,caltech,6.319140084087849e-06,2.677515112736728e-06
12,amazon,6.301386747509241e-06,1.2241911235832958e-06
12,webcam,6.294168997555971e-06,8.556800707992807e-07
12,dslr,6.293761543929577e-06,4.851237918046536e-07
13,caltech,7.0963287726044655e-06,3.059101800317876e-06
13,amazon,7.074966561049223e-06,1.4626093616243452e-06
13,webcam,7.0658279582858086e-06,9.73840201368148e-07
13,dslr,7.065129466354847e-06,5.541587597690523e-07
14,caltech,7.896655006334186e-06,3.459681920503499e-06
14,amazon,7.870636181905866e-06,1.723122068142402e-06
14,webcam,7.859576726332307e-06,1.0987955647578929e-06
14,dslr,7.858441676944494e-06,6.264352805374074e-07
15,caltech,8.717644959688187e-06,3.87834415960242e-06
15,amazon,8.68714414536953e-06,2.004353063966846e-06
15,webcam,8.674658602103591e-06,1.2304087704251288e-06
15,dslr,8.673348929733038e-06,7.018006158432399e-07
16,caltech,9.557348676025867e-06,4.314928901294479e-06
16,amazon,9.522889740765095e-06,2.3061611500452273e-06
16,webcam,9.507260983809829e-06,1.368412199553859e-06
16,dslr,9.50662069953978e-06,7.800293815307668e-07
17,caltech,1.0414427379146218e-05,4.7701919356768485e-06
17,amazon,1.0374962585046887e-05,2.628265065141022e-06
17,webcam,1.0356685379520059e-05,1.5124057881621411e-06
17,dslr,1.0356103302910924e-05,8.610523991592345e-07
18,caltech,1.1286174412816763e-05,5.242829502094537e-06
18,amazon,1.1241936590522528e-05,2.9704633561777882e-06
18,webcam,1.1221272870898247e-05,1.6622343537164852e-06
18,dslr,1.1221098247915506e-05,9.446958983971854e-07
19,caltech,1.2171629350632429e-05,5.731963938160334e-06
19,amazon,1.212296774610877e-05,3.332232154207304e-06
19,webcam,1.209997572004795e-05,1.8180202232542797e-06
19,dslr,1.2100033927708864e-05,1.0308813216397539e-06
20,caltech,1.307032653130591e-05,6.237661636987468e-06
20,amazon,1.3015902368351817e-05,3.7138934203539975e-06
20,webcam,1.2990611139684916e-05,1.9794670151895843e-06
20,dslr,1.2990407412871718e-05,1.1194088074262254e-06
21,caltech,1.3979733921587467e-05,6.75908631819766e-06
21,amazon,1.392010017298162e-05,4.115062438359018e-06
21,webcam,1.3892073184251785e-05,2.1462146833073348e-06
21,dslr,1.3891694834455848e-05,1.2102290156690287e-06
22,caltech,1.4899007510393858e-05,7.29571002011653e-06
22,amazon,1.4834076864644885e-05,4.536020696832566e-06
22,webcam,1.480284845456481e-05,2.318260385436588e-06
22,dslr,1.4802557416260242e-05,1.3032433798798593e-06
23,caltech,1.582683762535453e-05,7.848717359593138e-06
23,amazon,1.575751230120659e-05,4.976198397343978e-06
23,webcam,1.5722587704658508e-05,2.4958778794825776e-06
23,dslr,1.572267501614988e-05,1.3983925555294263e-06
24,caltech,1.6763806343078613e-05,8.416378477704711e-06
24,amazon,1.6689038602635264e-05,5.435928869701456e-06
24,webcam,1.6651494661346078e-05,2.6787261049321387e-06
24,dslr,1.6651349142193794e-05,1.4957515759306261e-06
25,caltech,1.7708458472043276e-05,8.998000339488499e-06
25,amazon,1.7627404304221272e-05,5.91556636209134e-06
25,webcam,1.7587008187547326e-05,2.8666677280853037e-06
25,dslr,1.758750295266509e-05,1.5952575722621987e-06
26,caltech,1.865951344370842e-05,9.595028132025618e-06
26,amazon,1.8572609405964613e-05,6.414908511942485e-06
26,webcam,1.852933201007545e-05,3.0594801501138136e-06
26,dslr,1.8529477529227734e-05,1.6966864677669946e-06
27,caltech,1.961647649295628e-05,1.0206804290646687e-05
27,amazon,1.952445018105209e-05,6.933305030543124e-06
27,webcam,1.9477622117847204e-05,3.2572859254287323e-06
27,dslr,1.947756391018629e-05,1.800083168745914e-06
28,caltech,2.0578911062330008e-05,1.0834403838089202e-05
28,amazon,2.0481907995417714e-05,7.470512173313182e-06
28,webcam,2.0430947188287973e-05,3.4602730920596514e-06
28,dslr,2.0430830772966146e-05,1.9053450159844942e-06
29,caltech,2.1546060452237725e-05,1.1476480722194538e-05
29,amazon,2.1443702280521393e-05,8.027784133446403e-06
29,webcam,2.1388375898823142e-05,3.6680244193121325e-06
29,dslr,2.1387881133705378e-05,2.0126033177803038e-06
30,caltech,2.251708065159619e-05,1.2132179108448327e-05
30,amazon,2.240968751721084e-05,8.603761671110988e-06
30,webcam,2.234990824945271e-05,3.880900749209104e-06
30,dslr,2.234891871921718e-05,2.121715397152002e-06
31,caltech,2.349185524508357e-05,1.2803517165593803e-05
31,amazon,2.3379165213555098e-05,9.199866326525807e-06
31,webcam,2.3315311409533024e-05,4.098636964044999e-06
31,dslr,2.331365249119699e-05,2.232716269645607e-06
32,caltech,2.4469802156090736e-05,1.3490926903614309e-05
32,amazon,2.435161150060594e-05,9.814744771574624e-06
32,webcam,2.428417792543769e-05,4.321203505242011e-06
32,dslr,2.4282227968797088e-05,2.345586381125031e-06
33,caltech,2.5451008696109056e-05,1.419439649907872e-05
33,amazon,2.5327346520498395e-05,1.0449611181684304e-05
33,webcam,2.525636227801442e-05,4.548684501060052e-06
33,dslr,2.5254092179238796e-05,2.4603323254268616e-06
34,caltech,2.6435329345986247e-05,1.4914417079125997e-05
34,amazon,2.6306341169402003e-05,1.1104140867246315e-05
34,webcam,2.6230962248519063e-05,4.780680683325045e-06
34,dslr,2.6229157811030746e-05,2.5768342766241403e-06
35,caltech,2.742212382145226e-05,1.5652054571546614e-05
35,amazon,2.728731487877667e-05,1.1778483894886449e-05
35,webcam,2.7208036044612527e-05,5.017390321881976e-06
35,dslr,2.7206348022446036e-05,2.695206148928264e-06
36,caltech,2.841136301867664e-05,1.6406005670432933e-05
36,amazon,2.8270995244383812e-05,1.2474203685997054e-05
36,webcam,2.8187583666294813e-05,5.259194949758239e-06
36,dslr,2.818583743646741e-05,2.8153501716587925e-06
37,caltech,2.940298872999847e-05,1.7174210370285437e-05
37,amazon,2.9256567358970642e-05,1.3189892342779785e-05
37,webcam,2.9169197659939528e-05,5.5066620916477405e-06
37,dslr,2.916730591095984e-05,2.9373700272117276e-06
38,caltech,3.0396447982639074e-05,1.7958105672732927e-05
38,amazon,3.0244351364672184e-05,1.3927924555900972e-05
38,webcam,3.0152499675750732e-05,5.7592210396251176e-06
38,dslr,3.015054971911013e-05,3.0611390684498474e-06
39,caltech,3.1391187803819776e-05,1.8758131773211062e-05
39,amazon,3.1233561458066106e-05,1.4687925613543484e-05
39,webcam,3.1138042686507106e-05,6.017106898070779e-06
39,dslr,3.113539423793554e-05,3.1869130907580256e-06
40,caltech,3.2387266401201487e-05,1.9572304154280573e-05
40,amazon,3.2224575988948345e-05,1.546850398881361e-05
40,webcam,3.21253901347518e-05,6.2800445448374376e-06
40,dslr,3.212178125977516e-05,3.3145229281217325e-06
41,caltech,3.338494570925832e-05,2.0403560483828187e-05
41,amazon,3.32167255692184e-05,1.6269617844955064e-05
41,webcam,3.31140763591975e-05,6.5482008722028695e-06
41,dslr,3.31097689922899e-05,3.4439851788192755e-06
42,caltech,3.438378917053342e-05,2.1251777070574462e-05
42,amazon,3.4209719160571694e-05,1.7091149857151322e-05
42,webcam,3.4103781217709184e-05,6.821610440965742e-06
42,dslr,3.409889177419245e-05,3.5752402709476883e-06
43,caltech,3.53838549926877e-05,2.2114836610853672e-05
43,amazon,3.520378959365189e-05,1.793569026631303e-05
43,webcam,3.509462112560868e-05,7.10030144546181e-06
43,dslr,3.5089178709313273e-05,3.7081911159475567e-06
44,caltech,3.638459020294249e-05,2.299311017850414e-05
44,amazon,3.619916969910264e-05,1.880275522125885e-05
44,webcam,3.608621773310006e-05,7.38425205781823e-06
44,dslr,3.608060069382191e-05,3.843038030026946e-06
45,caltech,3.7385820178315043e-05,2.3886537746875547e-05
45,amazon,3.7195306504145265e-05,1.969203003682196e-05
45,webcam,3.70789784938097e-05,7.672938409086782e-06
45,dslr,3.707275027409196e-05,3.979712346335873e-06
46,caltech,3.838789416477084e-05,2.4795604986138642e-05
46,amazon,3.819252015091479e-05,2.0604142264346592e-05
46,webcam,3.807232133112848e-05,7.966820703586563e-06
46,dslr,3.806594759225845e-05,4.118128344998695e-06
47,caltech,3.9390812162309885e-05,2.5720375560922548e-05
47,amazon,3.9190694224089384e-05,2.1537924112635665e-05
47,webcam,3.906624624505639e-05,8.266186341643333e-06
47,dslr,3.906007623299956e-05,4.258327862771694e-06
48,caltech,4.039442865177989e-05,2.6661899028113112e-05
48,amazon,4.018974141217768e-05,2.2491429263027385e-05
48,webcam,4.0060956962406635e-05,8.570270438212901e-06
48,dslr,4.0054990677163005e-05,4.400334546517115e-06
49,caltech,4.139819066040218e-05,2.7618831154541112e-05
49,amazon,4.1189370676875114e-05,2.346628753002733e-05
49,webcam,4.105622065253556e-05,8.879649612936191e-06
49,dslr,4.105031257495284e-05,4.544105649983976e-06
50,caltech,4.240212729200721e-05,2.859265441657044e-05
50,amazon,4.218961112201214e-05,2.446136568323709e-05
50,webcam,4.205209552310407e-05,9.194538506562822e-06
50,dslr,4.204612923786044e-05,4.6896329877199605e-06
51,caltech,4.3406529584899545e-05,2.958483855763916e-05
51,amazon,4.3190462747588754e-05,2.5478120733168907e-05
51,webcam,4.304849426262081e-05,9.514562407275662e-06
51,dslr,4.304223693907261e-05,4.83678923046682e-06
52,caltech,4.44114557467401e-05,3.0593313567806035e-05
52,amazon,4.419192555360496e-05,2.6516092475503683e-05
52,webcam,4.404532955959439e-05,9.839578524406534e-06
52,dslr,4.4038984924554825e-05,4.985660325473873e-06
53,caltech,4.5416963985189795e-05,3.161993663525209e-05
53,amazon,4.5193679397925735e-05,2.757543552434072e-05
53,webcam,4.5042455894872546e-05,1.0169731467613019e-05
53,dslr,4.503616946749389e-05,5.1363099373702426e-06
54,caltech,4.6422850573435426e-05,3.266438579885289e-05
54,amazon,4.61958406958729e-05,2.8656580980168656e-05
54,webcam,4.603955312632024e-05,1.0505324098630808e-05
54,dslr,4.603376146405935e-05,5.288635293254629e-06
55,caltech,4.742859164252877e-05,3.3727497793734074e-05
55,amazon,4.719826392829418e-05,2.9758730306639336e-05
55,webcam,4.703699960373342e-05,1.0845988072105683e-05
55,dslr,4.703155718743801e-05,5.442872861749493e-06
56,caltech,4.843465285375714e-05,3.480835221125744e-05
56,amazon,4.8200658056885004e-05,3.0880670237820596e-05
56,webcam,4.803459160029888e-05,1.11914441731642e-05
56,dslr,4.802952753379941e-05,5.598954885499552e-06
57,caltech,4.944112151861191e-05,3.590743290260434e-05
57,amazon,4.920322680845857e-05,3.2023606763686985e-05
57,webcam,4.903235821984708e-05,1.154162146121962e-05
57,dslr,4.902775981463492e-05,5.756849532190245e-06
58,caltech,5.044788122177124e-05,3.702299727592617e-05
58,amazon,5.020602839067578e-05,3.318656672490761e-05
58,webcam,5.003032856620848e-05,1.1896489922946785e-05
58,dslr,5.00260794069618e-05,5.916474947298411e-06
59,caltech,5.145481554791331e-05,3.815483069047332e-05
59,amazon,5.120935384184122e-05,3.437052509980276e-05
59,webcam,5.102829891256988e-05,1.2256634363438934e-05
59,dslr,5.1024690037593246e-05,6.078047590563074e-06
60,caltech,5.2461749874055386e-05,3.9302209188463166e-05
60,amazon,5.221273750066757e-05,3.557527088560164e-05
60,webcam,5.2026560297235847e-05,1.2621703717741184e-05
60,dslr,5.202341708354652e-05,6.241450137167703e-06
61,caltech,5.3468887927010655e-05,4.046637695864774e-05
61,amazon,5.321615026332438e-05,3.6800222005695105e-05
61,webcam,5.3024967201054096e-05,1.299227551498916e-05
61,dslr,5.302228964865208e-05,6.406547527149087e-06
62,caltech,5.4476200602948666e-05,4.164625715930015e-05
62,amazon,5.421973764896393e-05,3.8045418477850035e-05
62,webcam,5.402343231253326e-05,1.3368068721320014e-05
62,dslr,5.402139504440129e-05,6.5734902818803675e-06
63,caltech,5.5483600590378046e-05,4.2841558752115816e-05
63,amazon,5.522338324226439e-05,3.9310954889515415e-05
63,webcam,5.502198473550379e-05,1.374878684146097e-05
63,dslr,5.5020616855472326e-05,6.742221103195334e-06
64,caltech,5.6491204304620624e-05,4.405317667988129e-05
64,amazon,5.622702883556485e-05,4.0596016333438456e-05
64,webcam,5.602056626230478e-05,1.4134549928712659e-05
64,dslr,5.601980956271291e-05,6.91272680342081e-06
65,caltech,5.7499040849506855e-05,4.528403587755747e-05
65,amazon,5.723099457100034e-05,4.190036270301789e-05
65,webcam,5.701929330825806e-05,1.4525073311233427e-05
65,dslr,5.701914778910577e-05,7.085028300934937e-06
66,caltech,5.850681918673217e-05,4.653215000871569e-05
66,amazon,5.8234843891113997e-05,4.322491804487072e-05
66,webcam,5.801822408102453e-05,1.4920708963472862e-05
66,dslr,5.801845691166818e-05,7.259278390847612e-06
67,caltech,5.951462662778795e-05,4.7794565034564584e-05
67,amazon,5.923872231505811e-05,4.456850001588464e-05
67,webcam,5.9017154853791e-05,1.532167152618058e-05
67,dslr,5.9017911553382874e-05,7.435339284711517e-06
68,caltech,6.0522579587996006e-05,4.907321635982953e-05
68,amazon,6.02424843236804e-05,4.593039921019226e-05
68,webcam,6.0016114730387926e-05,1.5727517165942118e-05
68,dslr,6.001742440275848e-05,7.613337402290199e-06
69,caltech,6.153050344437361e-05,5.0367743824608624e-05
69,amazon,6.124618812464178e-05,4.731275839731097e-05
69,webcam,6.101510371081531e-05,1.6138232240336947e-05
69,dslr,6.1017111875116825e-05,7.793117219989654e-06
70,caltech,6.25383690930903e-05,5.167727795196697e-05
70,amazon,6.224997923709452e-05,4.8715439334046096e-05
70,webcam,6.201423821039498e-05,1.6554269677726552e-05
70,dslr,6.201685755513608e-05,7.974785148689989e-06
71,caltech,6.354640936478972e-05,5.300407065078616e-05
71,amazon,6.325397407636046e-05,5.01367831020616e-05
71,webcam,6.301351822912693e-05,1.6975447579170577e-05
71,dslr,6.301671965047717e-05,8.158421223924961e-06
72,caltech,6.455433322116733e-05,5.4349060519598424e-05
72,amazon,6.425788160413504e-05,5.157848499948159e-05
72,webcam,6.40128564555198e-05,1.7401785953552462e-05
72,dslr,6.40165526419878e-05,8.343935405719094e-06
73,caltech,6.556228618137538e-05,5.5711941968183964e-05
73,amazon,6.526202196255326e-05,5.3040279453853145e-05
73,webcam,6.50121655780822e-05,1.783394327503629e-05
73,dslr,6.501635652966797e-05,8.531309504178353e-06
74,caltech,6.657029734924436e-05,5.7091623602900654e-05
74,amazon,6.626616232097149e-05,5.452176264952868e-05
74,webcam,6.60114164929837e-05,1.827110827434808e-05
74,dslr,6.601627683266997e-05,8.720671758055687e-06
75,caltech,6.757842493243515e-05,5.8488076319918036e-05
75,amazon,6.727036088705063e-05,5.602121018455364e-05
75,webcam,6.701075471937656e-05,1.8712835299083963e-05
75,dslr,6.70163135509938e-05,8.911954864743166e-06
76,caltech,6.858663982711732e-05,5.99009363213554e-05
76,amazon,6.827423931099474e-05,5.7539320550858974e-05
76,webcam,6.801020936109126e-05,1.9159213479724713e-05
76,dslr,6.801637937314808e-05,9.105142453336157e-06
77,caltech,6.959517486393452e-05,6.13300217082724e-05
77,amazon,6.92782923579216e-05,5.907796003157273e-05
77,webcam,6.900972221046686e-05,1.961059751920402e-05
77,dslr,6.901644519530237e-05,9.300277270085644e-06
78,caltech,7.0603855419904e-05,6.277480133576319e-05
78,amazon,7.028228719718754e-05,6.063551700208336e-05
78,webcam,7.000932237133384e-05,2.0066760043846443e-05
78,dslr,7.001662743277848e-05,9.497269275016151e-06
79,caltech,7.161253597587347e-05,6.423587183235213e-05
79,amazon,7.128648576326668e-05,6.221139483386651e-05
79,webcam,7.100898073986173e-05,2.0527742890408263e-05
79,dslr,7.101675146259367e-05,9.696155757410452e-06
80,caltech,7.262112922035158e-05,6.571313861059025e-05
80,amazon,7.229050970636308e-05,6.380628474289551e-05
80,webcam,7.200866821222007e-05,2.099329503835179e-05
80,dslr,7.201690459623933e-05,9.897172276396304e-06
81,caltech,7.362960604950786e-05,6.720671808579937e-05
81,amazon,7.32943881303072e-05,6.542007031384856e-05
81,webcam,7.300835568457842e-05,2.146361475752201e-05
81,dslr,7.301702862605453e-05,1.0100258805323392e-05
82,caltech,7.463808287866414e-05,6.87155406922102e-05
82,amazon,7.429858669638634e-05,6.705210398649797e-05
82,webcam,7.400818867608905e-05,2.193895670643542e-05
82,dslr,7.401726907119155e-05,1.0305293471901678e-05
83,caltech,7.564661791548133e-05,7.024078513495624e-05
83,amazon,7.530275615863502e-05,6.870227662147954e-05
83,webcam,7.500796345993876e-05,2.241971014882438e-05
83,dslr,7.501759682781994e-05,1.0512248081795406e-05
84,caltech,7.66550365369767e-05,7.178298255894333e-05
84,amazon,7.630724576301873e-05,7.037082104943693e-05
84,webcam,7.600770913995802e-05,2.29059332923498e-05
84,dslr,7.601798279210925e-05,1.0721081707742997e-05
85,caltech,7.76636297814548e-05,7.33408669475466e-05
85,amazon,7.731164805591106e-05,7.205757719930261e-05
85,webcam,7.70075130276382e-05,2.3397056793328375e-05
85,dslr,7.701848517172039e-05,1.0931751603493467e-05
86,caltech,7.867204840295017e-05,7.491480209864676e-05
86,amazon,7.831613766029477e-05,7.376217399723828e-05
86,webcam,7.800740422680974e-05,2.3892831450211816e-05
86,dslr,7.801895844750106e-05,1.1144195013912395e-05
87,caltech,7.968049612827599e-05,7.650576299056411e-05
87,amazon,7.932056905701756e-05,7.548450957983732e-05
87,webcam,7.900738273747265e-05,2.4393555577262305e-05
87,dslr,7.901943172328174e-05,1.1358415576978587e-05
88,caltech,8.068874012678862e-05,7.811332034179941e-05
88,amazon,8.032485493458807e-05,7.722688314970583e-05
88,webcam,8.000736124813557e-05,2.4899087293306366e-05
88,dslr,8.001978858374059e-05,1.1574522432056256e-05
89,caltech,8.16970132291317e-05,7.973879110068083e-05
89,amazon,8.132896618917584e-05,7.898762123659253e-05
89,webcam,8.100725244730711e-05,2.540951027185656e-05
89,dslr,8.102014544419944e-05,1.179235096060438e-05
90,caltech,8.270522812381387e-05,8.138030534610152e-05
90,amazon,8.233316475525498e-05,8.076563972281292e-05
90,webcam,8.200720185413957e-05,2.5924657165887766e-05
90,dslr,8.202044409699738e-05,1.2011903891107067e-05
91,caltech,8.371329749934375e-05,8.303855429403484e-05
91,amazon,8.333753794431686e-05,8.256142609752715e-05
91,webcam,8.300732588395476e-05,2.6444706236361526e-05
91,dslr,8.302071364596486e-05,1.2233307643327862e-05
92,caltech,8.472154149785638e-05,8.471285400446504e-05
92,amazon,8.434188202954829e-05,8.437490032520145e-05
92,webcam,8.400733349844813e-05,2.6969817554345354e-05
92,dslr,8.402098319493234e-05,1.2456499462132342e-05
93,caltech,8.5729785496369e-05,8.640404848847538e-05
93,amazon,8.534599328413606e-05,8.62056840560399e-05
93,webcam,8.500722469761968e-05,2.7500027499627322e-05
93,dslr,8.502119453623891e-05,1.2681479347520508e-05
94,caltech,8.67383205331862e-05,8.811299630906433e-05
94,amazon,8.635004633106291e-05,8.805345714790747e-05
94,webcam,8.600714500062168e-05,2.8035196010023355e-05
94,dslr,8.602146408520639e-05,1.2908120879728813e-05
95,caltech,8.774685557000339e-05,8.983779844129458e-05
95,amazon,8.735407027415931e-05,8.991848153527826e-05
95,webcam,8.70069779921323e-05,2.8575122996699065e-05
95,dslr,8.702170453034341e-05,1.3136685083736666e-05
96,caltech,8.87552450876683e-05,9.157857857644558e-05
96,amazon,8.835809421725571e-05,9.180085908155888e-05
96,webcam,8.800675277598202e-05,2.9119662940502167e-05
96,dslr,8.802200318314135e-05,1.3367049177759327e-05
97,caltech,8.976351819001138e-05,9.333580965176225e-05
97,amazon,8.93622636795044e-05,9.370066982228309e-05
97,webcam,8.900649845600128e-05,2.9669310606550425e-05
97,dslr,8.902218542061746e-05,1.3599315934698097e-05
98,caltech,9.077184950001538e-05,9.510998643236235e-05
98,amazon,9.036649134941399e-05,9.561735350871459e-05
98,webcam,9.000624413602054e-05,3.02237367577618e-05
98,dslr,9.002239676192403e-05,1.3833443517796695e-05
99,caltech,9.178000618703663e-05,9.689991566119716e-05
99,amazon,9.137095184996724e-05,9.755090286489576e-05
99,webcam,9.100596071220934e-05,3.078312875004485e-05
99,dslr,9.10226081032306e-05,1.4069320059206802e-05
